<?xml version="1.0" encoding="UTF-8" standalone="yes"?>
<metadataSupplement>
    <tables>
        <table dataLocale="en_US" dataSources="ds7" resourceIdentifier="'cas-shared-default','CASUSER','USA TEAM STATS 2023','en_US'" tableModifiedTimeStamp="2023-08-16T19:18:47.748Z">
            <columns>
                <column dataType="string" label="Opponent" xref="Opponent"/>
                <column dataType="double" format="PERCENT12." label="Possession" xref="Possession"/>
                <column dataType="double" format="PERCENT12." label="Passing Accuracy" xref="Passing Accuracy"/>
                <column dataType="double" format="BEST12." label="Shots" xref="Shots"/>
                <column dataType="double" format="BEST12." label="Shots on Target" xref="Shots on Target"/>
                <column dataType="double" format="BEST12." label="Saves" xref="Saves"/>
                <column dataType="double" format="BEST12." label="Score" xref="Score"/>
                <column dataType="double" format="BEST12." label="xG" xref="xG"/>
                <column dataType="string" label="Result" xref="Result"/>
                <column dataType="double" format="BEST12." label="Ranking" xref="Ranking"/>
                <column dataType="double" format="BEST12." label="Fouls" xref="Fouls"/>
                <column dataType="double" format="BEST12." label="Corners" xref="Corners"/>
                <column dataType="double" format="BEST12." label="Crosses" xref="Crosses"/>
                <column dataType="double" format="BEST12." label="Touches" xref="Touches"/>
            </columns>
        </table>
        <table dataLocale="en_US" dataSources="ds24" resourceIdentifier="'cas-shared-default','CASUSER','OPPONENT TEAM STATS 2023','en_US'" tableModifiedTimeStamp="2023-08-16T19:18:44.642Z">
            <columns>
                <column dataType="string" label="Team" xref="Team"/>
                <column dataType="string" label="Possession" xref="Possession"/>
                <column dataType="string" label="Passing Accuracy" xref="Passing Accuracy"/>
                <column dataType="double" format="BEST12." label="Shots" xref="Shots"/>
                <column dataType="double" format="BEST12." label="Shots on Target" xref="Shots on Target"/>
                <column dataType="double" format="BEST12." label="Saves" xref="Saves"/>
                <column dataType="double" format="BEST12." label="Score" xref="Score"/>
                <column dataType="double" format="BEST12." label="xG" xref="xG"/>
                <column dataType="string" label="Result" xref="Result"/>
                <column dataType="double" format="BEST12." label="Ranking" xref="Ranking"/>
                <column dataType="double" format="BEST12." label="Fouls" xref="Fouls"/>
                <column dataType="double" format="BEST12." label="Corners" xref="Corners"/>
                <column dataType="double" format="BEST12." label="Crosses" xref="Crosses"/>
                <column dataType="double" format="BEST12." label="Touches" xref="Touches"/>
            </columns>
        </table>
        <table dataLocale="en_US" dataSources="ds41" resourceIdentifier="'cas-shared-default','CASUSER','USA GOALKEEPER STATS TABLE 2023','en_US'" tableModifiedTimeStamp="2023-08-16T19:18:47.743Z">
            <columns>
                <column dataType="string" label="Player" xref="Player"/>
                <column dataType="string" label="Age" xref="Age"/>
                <column dataType="double" format="BEST12." label="Min" xref="Min"/>
                <column dataType="double" format="BEST12." label="Shot Stopping SoTA" xref="Shot Stopping SoTA"/>
                <column dataType="double" format="BEST12." label="Shot Stopping GA" xref="Shot Stopping GA"/>
                <column dataType="double" format="BEST12." label="Shot Stopping Saves" xref="Shot Stopping Saves"/>
                <column dataType="double" format="BEST12." label="Shot Stopping Save%" xref="Shot Stopping Save%"/>
                <column dataType="double" format="BEST12." label="Shot Stopping PSxG" xref="Shot Stopping PSxG"/>
                <column dataType="double" format="BEST12." label="Launched Cmp" xref="Launched Cmp"/>
                <column dataType="double" format="BEST12." label="Launched Att" xref="Launched Att"/>
                <column dataType="double" format="BEST12." label="Launched Cmp%" xref="Launched Cmp%"/>
                <column dataType="double" format="BEST12." label="Passes Att" xref="Passes Att"/>
                <column dataType="double" format="BEST12." label="Passes Thr" xref="Passes Thr"/>
                <column dataType="double" format="BEST12." label="Passes Launch%" xref="Passes Launch%"/>
                <column dataType="double" format="BEST12." label="Passes AvgLen" xref="Passes AvgLen"/>
                <column dataType="double" format="BEST12." label="Goal Kicks Att" xref="Goal Kicks Att"/>
                <column dataType="double" format="BEST12." label="Goal Kicks Launch%" xref="Goal Kicks Launch%"/>
                <column dataType="double" format="BEST12." label="Goal Kicks AvgLen" xref="Goal Kicks AvgLen"/>
                <column dataType="double" format="BEST12." label="Crosses Opp" xref="Crosses Opp"/>
                <column dataType="double" format="BEST12." label="Crosses Stp" xref="Crosses Stp"/>
                <column dataType="double" format="BEST12." label="Crosses Stp%" xref="Crosses Stp%"/>
                <column dataType="double" format="BEST12." label="Sweeper #OPA" xref="Sweeper #OPA"/>
                <column dataType="double" format="BEST12." label="Sweeper AvgDist" xref="Sweeper AvgDist"/>
                <column dataType="string" label="Opponent" xref="Opponent"/>
            </columns>
        </table>
        <table dataLocale="en_US" dataSources="ds68" resourceIdentifier="'cas-shared-default','CASUSER','USA PLAYER STATS SUMMARY 2023','en_US'" tableModifiedTimeStamp="2023-08-16T19:18:47.517Z">
            <columns>
                <column dataType="string" label="Player" xref="Player"/>
                <column dataType="double" format="BEST12." label="#" xref="#"/>
                <column dataType="string" label="Pos" xref="Pos"/>
                <column dataType="string" label="Age" xref="Age"/>
                <column dataType="double" format="BEST12." label="Min" xref="Min"/>
                <column dataType="double" format="BEST12." label="Performance Gls" xref="Performance Gls"/>
                <column dataType="double" format="BEST12." label="Performance Ast" xref="Performance Ast"/>
                <column dataType="double" format="BEST12." label="Performance PK" xref="Performance PK"/>
                <column dataType="double" format="BEST12." label="Performance PKatt" xref="Performance PKatt"/>
                <column dataType="double" format="BEST12." label="Performance Sh" xref="Performance Sh"/>
                <column dataType="double" format="BEST12." label="Performance SoT" xref="Performance SoT"/>
                <column dataType="double" format="BEST12." label="Performance CrdY" xref="Performance CrdY"/>
                <column dataType="double" format="BEST12." label="Performance CrdR" xref="Performance CrdR"/>
                <column dataType="double" format="BEST12." label="Performance Touches" xref="Performance Touches"/>
                <column dataType="double" format="BEST12." label="Performance Tkl" xref="Performance Tkl"/>
                <column dataType="double" format="BEST12." label="Performance Int" xref="Performance Int"/>
                <column dataType="double" format="BEST12." label="Performance Blocks" xref="Performance Blocks"/>
                <column dataType="double" format="BEST12." label="Expected xG" xref="Expected xG"/>
                <column dataType="double" format="BEST12." label="Expected npxG" xref="Expected npxG"/>
                <column dataType="double" format="BEST12." label="Expected xAG" xref="Expected xAG"/>
                <column dataType="double" format="BEST12." label="SCA SCA" xref="SCA SCA"/>
                <column dataType="double" format="BEST12." label="SCA GCA" xref="SCA GCA"/>
                <column dataType="double" format="BEST12." label="Passes Cmp" xref="Passes Cmp"/>
                <column dataType="double" format="BEST12." label="Passes Att" xref="Passes Att"/>
                <column dataType="double" format="BEST12." label="Passes Cmp%" xref="Passes Cmp%"/>
                <column dataType="double" format="BEST12." label="Passes PrgP" xref="Passes PrgP"/>
                <column dataType="double" format="BEST12." label="Carries Carries" xref="Carries Carries"/>
                <column dataType="double" format="BEST12." label="Carries PrgC" xref="Carries PrgC"/>
                <column dataType="double" format="BEST12." label="Take-Ons Att" xref="Take-Ons Att"/>
                <column dataType="double" format="BEST12." label="Take-Ons Succ" xref="Take-Ons Succ"/>
                <column dataType="string" label="Opponent" xref="Opponent"/>
            </columns>
        </table>
        <table dataLocale="en_US" dataSources="ds111" resourceIdentifier="'cas-shared-default','CASUSER','USA PLAYER POSSESSION2023','en_US'" tableModifiedTimeStamp="2023-08-16T19:18:47.610Z">
            <columns>
                <column dataType="string" label="Player" xref="Player"/>
                <column dataType="double" format="BEST12." label="#" xref="#"/>
                <column dataType="string" label="Pos" xref="Pos"/>
                <column dataType="string" label="Age" xref="Age"/>
                <column dataType="double" format="BEST12." label="Min" xref="Min"/>
                <column dataType="double" format="BEST12." label="Touches Touches" xref="Touches Touches"/>
                <column dataType="double" format="BEST12." label="Touches Def Pen" xref="Touches Def Pen"/>
                <column dataType="double" format="BEST12." label="Touches Def 3rd" xref="Touches Def 3rd"/>
                <column dataType="double" format="BEST12." label="Touches Mid 3rd" xref="Touches Mid 3rd"/>
                <column dataType="double" format="BEST12." label="Touches Att 3rd" xref="Touches Att 3rd"/>
                <column dataType="double" format="BEST12." label="Touches Att Pen" xref="Touches Att Pen"/>
                <column dataType="double" format="BEST12." label="Touches Live" xref="Touches Live"/>
                <column dataType="double" format="BEST12." label="Take-Ons Att" xref="Take-Ons Att"/>
                <column dataType="double" format="BEST12." label="Take-Ons Succ" xref="Take-Ons Succ"/>
                <column dataType="double" format="BEST12." label="Take-Ons Succ%" xref="Take-Ons Succ%"/>
                <column dataType="double" format="BEST12." label="Take-Ons Tkld" xref="Take-Ons Tkld"/>
                <column dataType="double" format="BEST12." label="Take-Ons Tkld%" xref="Take-Ons Tkld%"/>
                <column dataType="double" format="BEST12." label="Carries Carries" xref="Carries Carries"/>
                <column dataType="double" format="BEST12." label="Carries TotDist" xref="Carries TotDist"/>
                <column dataType="double" format="BEST12." label="Carries PrgDist" xref="Carries PrgDist"/>
                <column dataType="double" format="BEST12." label="Carries PrgC" xref="Carries PrgC"/>
                <column dataType="double" format="BEST12." label="Carries 1/3" xref="Carries 1/3"/>
                <column dataType="double" format="BEST12." label="Carries CPA" xref="Carries CPA"/>
                <column dataType="double" format="BEST12." label="Carries Mis" xref="Carries Mis"/>
                <column dataType="double" format="BEST12." label="Carries Dis" xref="Carries Dis"/>
                <column dataType="double" format="BEST12." label="Receiving Rec" xref="Receiving Rec"/>
                <column dataType="double" format="BEST12." label="Receiving PrgR" xref="Receiving PrgR"/>
                <column dataType="string" label="Opponent" xref="Opponent"/>
            </columns>
        </table>
        <table dataLocale="en_US" dataSources="ds142" resourceIdentifier="'cas-shared-default','CASUSER','USA GOALKEEPER STATS TABLE','en_US'" tableModifiedTimeStamp="2023-08-16T19:18:47.518Z">
            <columns>
                <column dataType="string" label="Player" xref="Player"/>
                <column dataType="string" label="Age" xref="Age"/>
                <column dataType="double" format="BEST12." label="Min" xref="Min"/>
                <column dataType="double" format="BEST12." label="Shot Stopping SoTA" xref="Shot Stopping SoTA"/>
                <column dataType="double" format="BEST12." label="Shot Stopping GA" xref="Shot Stopping GA"/>
                <column dataType="double" format="BEST12." label="Shot Stopping Saves" xref="Shot Stopping Saves"/>
                <column dataType="double" format="BEST12." label="Shot Stopping Save%" xref="Shot Stopping Save%"/>
                <column dataType="double" format="BEST12." label="Shot Stopping PSxG" xref="Shot Stopping PSxG"/>
                <column dataType="double" format="BEST12." label="Launched Cmp" xref="Launched Cmp"/>
                <column dataType="double" format="BEST12." label="Launched Att" xref="Launched Att"/>
                <column dataType="double" format="BEST12." label="Launched Cmp%" xref="Launched Cmp%"/>
                <column dataType="double" format="BEST12." label="Passes Att" xref="Passes Att"/>
                <column dataType="double" format="BEST12." label="Passes Thr" xref="Passes Thr"/>
                <column dataType="double" format="BEST12." label="Passes Launch%" xref="Passes Launch%"/>
                <column dataType="double" format="BEST12." label="Passes AvgLen" xref="Passes AvgLen"/>
                <column dataType="double" format="BEST12." label="Goal Kicks Att" xref="Goal Kicks Att"/>
                <column dataType="double" format="BEST12." label="Goal Kicks Launch%" xref="Goal Kicks Launch%"/>
                <column dataType="double" format="BEST12." label="Goal Kicks AvgLen" xref="Goal Kicks AvgLen"/>
                <column dataType="double" format="BEST12." label="Crosses Opp" xref="Crosses Opp"/>
                <column dataType="double" format="BEST12." label="Crosses Stp" xref="Crosses Stp"/>
                <column dataType="double" format="BEST12." label="Crosses Stp%" xref="Crosses Stp%"/>
                <column dataType="double" format="BEST12." label="Sweeper #OPA" xref="Sweeper #OPA"/>
                <column dataType="double" format="BEST12." label="Sweeper AvgDist" xref="Sweeper AvgDist"/>
                <column dataType="string" label="Opponent" xref="Opponent"/>
            </columns>
        </table>
        <table dataLocale="en_US" dataSources="ds169" resourceIdentifier="'cas-shared-default','CASUSER','USA PLAYER STATS POSSESSION2019','en_US'" tableModifiedTimeStamp="2023-08-16T19:18:48.483Z">
            <columns>
                <column dataType="string" label="Player" xref="Player"/>
                <column dataType="double" format="BEST12." label="#" xref="#"/>
                <column dataType="string" label="Pos" xref="Pos"/>
                <column dataType="string" label="Age" xref="Age"/>
                <column dataType="double" format="BEST12." label="Min" xref="Min"/>
                <column dataType="double" format="BEST12." label="Touches Touches" xref="Touches Touches"/>
                <column dataType="double" format="BEST12." label="Touches Def Pen" xref="Touches Def Pen"/>
                <column dataType="double" format="BEST12." label="Touches Def 3rd" xref="Touches Def 3rd"/>
                <column dataType="double" format="BEST12." label="Touches Mid 3rd" xref="Touches Mid 3rd"/>
                <column dataType="double" format="BEST12." label="Touches Att 3rd" xref="Touches Att 3rd"/>
                <column dataType="double" format="BEST12." label="Touches Att Pen" xref="Touches Att Pen"/>
                <column dataType="double" format="BEST12." label="Touches Live" xref="Touches Live"/>
                <column dataType="double" format="BEST12." label="Take-Ons Att" xref="Take-Ons Att"/>
                <column dataType="double" format="BEST12." label="Take-Ons Succ" xref="Take-Ons Succ"/>
                <column dataType="double" format="BEST12." label="Take-Ons Succ%" xref="Take-Ons Succ%"/>
                <column dataType="double" format="BEST12." label="Take-Ons Tkld" xref="Take-Ons Tkld"/>
                <column dataType="double" format="BEST12." label="Take-Ons Tkld%" xref="Take-Ons Tkld%"/>
                <column dataType="double" format="BEST12." label="Carries Carries" xref="Carries Carries"/>
                <column dataType="double" format="BEST12." label="Carries TotDist" xref="Carries TotDist"/>
                <column dataType="double" format="BEST12." label="Carries PrgDist" xref="Carries PrgDist"/>
                <column dataType="double" format="BEST12." label="Carries PrgC" xref="Carries PrgC"/>
                <column dataType="double" format="BEST12." label="Carries 1/3" xref="Carries 1/3"/>
                <column dataType="double" format="BEST12." label="Carries CPA" xref="Carries CPA"/>
                <column dataType="double" format="BEST12." label="Carries Mis" xref="Carries Mis"/>
                <column dataType="double" format="BEST12." label="Carries Dis" xref="Carries Dis"/>
                <column dataType="double" format="BEST12." label="Receiving Rec" xref="Receiving Rec"/>
                <column dataType="double" format="BEST12." label="Receiving PrgR" xref="Receiving PrgR"/>
            </columns>
        </table>
        <table dataLocale="en_US" dataSources="ds199" resourceIdentifier="'cas-shared-default','CASUSER','USA SHOTS TABLE 2023','en_US'" tableModifiedTimeStamp="2023-08-16T19:18:48.258Z">
            <columns>
                <column dataType="string" label="Minute" xref="Minute"/>
                <column dataType="string" label="Player" xref="Player"/>
                <column dataType="string" label="Squad" xref="Squad"/>
                <column dataType="double" format="BEST12." label="xG" xref="xG"/>
                <column dataType="double" format="BEST12." label="PSxG" xref="PSxG"/>
                <column dataType="string" label="Outcome" xref="Outcome"/>
                <column dataType="double" format="BEST12." label="Distance" xref="Distance"/>
                <column dataType="string" label="Body Part" xref="Body Part"/>
                <column dataType="string" label="Notes" xref="Notes"/>
                <column dataType="string" label="SCA 1 Player" xref="SCA 1 Player"/>
                <column dataType="string" label="SCA 1 Event" xref="SCA 1 Event"/>
                <column dataType="string" label="SCA 2 Player" xref="SCA 2 Player"/>
                <column dataType="string" label="SCA 2 Event" xref="SCA 2 Event"/>
                <column dataType="string" label="Opponent" xref="Opponent"/>
            </columns>
        </table>
        <table dataLocale="en_US" dataSources="ds216" resourceIdentifier="'cas-shared-default','CASUSER','USA SHOTS TABLE 2019','en_US'" tableModifiedTimeStamp="2023-08-21T00:56:52.543Z">
            <columns>
                <column dataType="string" label="Minute" xref="Minute"/>
                <column dataType="string" label="Player" xref="Player"/>
                <column dataType="string" label="Squad" xref="Squad"/>
                <column dataType="double" format="BEST12." label="xG" xref="xG"/>
                <column dataType="double" format="BEST12." label="PSxG" xref="PSxG"/>
                <column dataType="string" label="Outcome" xref="Outcome"/>
                <column dataType="double" format="BEST12." label="Distance" xref="Distance"/>
                <column dataType="string" label="Body Part" xref="Body Part"/>
                <column dataType="string" label="Notes" xref="Notes"/>
                <column dataType="string" label="SCA 1 Player" xref="SCA 1 Player"/>
                <column dataType="string" label="SCA 1 Event" xref="SCA 1 Event"/>
                <column dataType="string" label="SCA 2 Player" xref="SCA 2 Player"/>
                <column dataType="string" label="SCA 2 Event" xref="SCA 2 Event"/>
                <column dataType="string" label="Opponent" xref="Opponent"/>
            </columns>
        </table>
        <table dataLocale="en_US" dataSources="ds233" resourceIdentifier="'cas-shared-default','CASUSER','OPPONENT TEAM STATS 2019','en_US'" tableModifiedTimeStamp="2023-08-16T19:18:44.638Z">
            <columns>
                <column dataType="string" label="Team" xref="Team"/>
                <column dataType="double" format="PERCENT12." label="Possession" xref="Possession"/>
                <column dataType="double" format="PERCENT12." label="Passing Accuracy" xref="Passing Accuracy"/>
                <column dataType="double" format="BEST12." label="Shots" xref="Shots"/>
                <column dataType="double" format="BEST12." label="Shots on Target" xref="Shots on Target"/>
                <column dataType="double" format="PERCENT12." label="Saves" xref="Saves"/>
                <column dataType="double" format="BEST12." label="Score" xref="Score"/>
                <column dataType="double" format="BEST12." label="xG" xref="xG"/>
                <column dataType="string" label="Result" xref="Result"/>
                <column dataType="double" format="BEST12." label="Ranking" xref="Ranking"/>
                <column dataType="double" format="BEST12." label="Fouls" xref="Fouls"/>
                <column dataType="double" format="BEST12." label="Corners" xref="Corners"/>
                <column dataType="double" format="BEST12." label="Crosses" xref="Crosses"/>
                <column dataType="double" format="BEST12." label="Touches" xref="Touches"/>
            </columns>
        </table>
        <table dataLocale="en_US" dataSources="ds250" resourceIdentifier="'cas-shared-default','CASUSER','USA TEAM STATS 2019','en_US'" tableModifiedTimeStamp="2023-08-16T19:18:44.643Z">
            <columns>
                <column dataType="string" label="Opponent" xref="Opponent"/>
                <column dataType="double" format="PERCENT12." label="Possession" xref="Possession"/>
                <column dataType="double" format="PERCENT12." label="Passing Accuracy" xref="Passing Accuracy"/>
                <column dataType="double" format="BEST12." label="Shots" xref="Shots"/>
                <column dataType="double" format="BEST12." label="Shots on Target" xref="Shots on Target"/>
                <column dataType="double" format="BEST12." label="Saves" xref="Saves"/>
                <column dataType="double" format="BEST12." label="Score" xref="Score"/>
                <column dataType="double" format="BEST12." label="xG" xref="xG"/>
                <column dataType="string" label="Result" xref="Result"/>
                <column dataType="double" format="BEST12." label="Ranking" xref="Ranking"/>
                <column dataType="double" format="BEST12." label="Fouls" xref="Fouls"/>
                <column dataType="double" format="BEST12." label="Corners" xref="Corners"/>
                <column dataType="double" format="BEST12." label="Crosses" xref="Crosses"/>
                <column dataType="double" format="BEST12." label="Touches" xref="Touches"/>
            </columns>
        </table>
        <table dataLocale="en_US" dataSources="ds401" resourceIdentifier="'cas-shared-default','CASUSER','FULL TEAM STATS 2019_DUPLICATE','en_US'" tableModifiedTimeStamp="2023-08-17T01:14:40.202Z">
            <columns>
                <column dataType="string" label="Team" xref="Team"/>
                <column dataType="string" label="OPossession" xref="OPossession"/>
                <column dataType="string" label="OPassing Accuracy" xref="OPassing Accuracy"/>
                <column dataType="double" format="BEST12." label="OShots" xref="OShots"/>
                <column dataType="double" format="BEST12." label="OShots on Target" xref="OShots on Target"/>
                <column dataType="string" label="OSaves" xref="OSaves"/>
                <column dataType="double" format="BEST12." label="OScore" xref="OScore"/>
                <column dataType="double" format="BEST12." label="OxG" xref="OxG"/>
                <column dataType="string" label="OResult" xref="OResult"/>
                <column dataType="double" format="BEST12." label="ORanking" xref="ORanking"/>
                <column dataType="double" format="BEST12." label="OFouls" xref="OFouls"/>
                <column dataType="double" format="BEST12." label="OCorners" xref="OCorners"/>
                <column dataType="double" format="BEST12." label="OCrosses" xref="OCrosses"/>
                <column dataType="double" format="BEST12." label="OTouches" xref="OTouches"/>
                <column dataType="string" label="USAPossession" xref="USAPossession"/>
                <column dataType="string" label="USAPassing Accuracy" xref="USAPassing Accuracy"/>
                <column dataType="double" format="BEST12." label="USAShots" xref="USAShots"/>
                <column dataType="double" format="BEST12." label="USAShots on Target" xref="USAShots on Target"/>
                <column dataType="double" format="BEST12." label="USASaves" xref="USASaves"/>
                <column dataType="double" format="BEST12." label="USAScore" xref="USAScore"/>
                <column dataType="double" format="BEST12." label="USAxG" xref="USAxG"/>
                <column dataType="string" label="USAResult" xref="USAResult"/>
                <column dataType="double" format="BEST12." label="USARanking" xref="USARanking"/>
                <column dataType="double" format="BEST12." label="USAFouls" xref="USAFouls"/>
                <column dataType="double" format="BEST12." label="USACorners" xref="USACorners"/>
                <column dataType="double" format="BEST12." label="USACrosses" xref="USACrosses"/>
                <column dataType="double" format="BEST12." label="USATouches" xref="USATouches"/>
            </columns>
        </table>
        <table dataLocale="en_US" dataSources="ds465" resourceIdentifier="GeneratedResource-ge435" tableModifiedTimeStamp="2023-08-16T19:18:47.748Z">
            <columns/>
        </table>
        <table dataLocale="en_US" dataSources="ds1204" resourceIdentifier="'cas-shared-default','CASUSER','USA PLAYER STATS SUMMARY UPDATED 2023','en_US'" tableModifiedTimeStamp="2023-08-17T16:15:34.028Z">
            <columns>
                <column dataType="string" label="Player" xref="Player"/>
                <column dataType="double" format="BEST12." label="#" xref="#"/>
                <column dataType="string" label="Pos" xref="Pos"/>
                <column dataType="string" label="Age" xref="Age"/>
                <column dataType="double" format="BEST12." label="Min" xref="Min"/>
                <column dataType="double" format="BEST12." label="Performance Gls" xref="Performance Gls"/>
                <column dataType="double" format="BEST12." label="Performance Ast" xref="Performance Ast"/>
                <column dataType="double" format="BEST12." label="Performance PK" xref="Performance PK"/>
                <column dataType="double" format="BEST12." label="Performance PKatt" xref="Performance PKatt"/>
                <column dataType="double" format="BEST12." label="Performance Sh" xref="Performance Sh"/>
                <column dataType="double" format="BEST12." label="Performance SoT" xref="Performance SoT"/>
                <column dataType="double" format="BEST12." label="Performance CrdY" xref="Performance CrdY"/>
                <column dataType="double" format="BEST12." label="Performance CrdR" xref="Performance CrdR"/>
                <column dataType="double" format="BEST12." label="Performance Touches" xref="Performance Touches"/>
                <column dataType="double" format="BEST12." label="Performance Tkl" xref="Performance Tkl"/>
                <column dataType="double" format="BEST12." label="Performance Int" xref="Performance Int"/>
                <column dataType="double" format="BEST12." label="Performance Blocks" xref="Performance Blocks"/>
                <column dataType="double" format="BEST12." label="Expected xG" xref="Expected xG"/>
                <column dataType="double" format="BEST12." label="Expected npxG" xref="Expected npxG"/>
                <column dataType="double" format="BEST12." label="Expected xAG" xref="Expected xAG"/>
                <column dataType="double" format="BEST12." label="SCA SCA" xref="SCA SCA"/>
                <column dataType="double" format="BEST12." label="SCA GCA" xref="SCA GCA"/>
                <column dataType="double" format="BEST12." label="Passes Cmp" xref="Passes Cmp"/>
                <column dataType="double" format="BEST12." label="Passes Att" xref="Passes Att"/>
                <column dataType="double" format="BEST12." label="Passes Cmp%" xref="Passes Cmp%"/>
                <column dataType="double" format="BEST12." label="Passes PrgP" xref="Passes PrgP"/>
                <column dataType="double" format="BEST12." label="Carries Carries" xref="Carries Carries"/>
                <column dataType="double" format="BEST12." label="Carries PrgC" xref="Carries PrgC"/>
                <column dataType="double" format="BEST12." label="Take-Ons Att" xref="Take-Ons Att"/>
                <column dataType="double" format="BEST12." label="Take-Ons Succ" xref="Take-Ons Succ"/>
                <column dataType="string" label="Opponent" xref="Opponent"/>
            </columns>
        </table>
        <table dataLocale="en_US" dataSources="ds1330" resourceIdentifier="'cas-shared-default','CASUSER','USA SHOTS TABLE 2023 UPDATED','en_US'" tableModifiedTimeStamp="2023-08-21T01:08:07.953Z">
            <columns>
                <column dataType="string" label="Minute" xref="Minute"/>
                <column dataType="string" label="Player" xref="Player"/>
                <column dataType="string" label="Squad" xref="Squad"/>
                <column dataType="double" format="BEST12." label="xG" xref="xG"/>
                <column dataType="double" format="BEST12." label="PSxG" xref="PSxG"/>
                <column dataType="string" label="Outcome" xref="Outcome"/>
                <column dataType="double" format="BEST12." label="Distance" xref="Distance"/>
                <column dataType="string" label="Body Part" xref="Body Part"/>
                <column dataType="string" label="Notes" xref="Notes"/>
                <column dataType="string" label="SCA 1 Player" xref="SCA 1 Player"/>
                <column dataType="string" label="SCA 1 Event" xref="SCA 1 Event"/>
                <column dataType="string" label="SCA 2 Player" xref="SCA 2 Player"/>
                <column dataType="string" label="SCA 2 Event" xref="SCA 2 Event"/>
                <column dataType="string" label="Opponent" xref="Opponent"/>
            </columns>
        </table>
        <table dataLocale="en_US" dataSources="ds1362" resourceIdentifier="GeneratedResource-ge1361" tableModifiedTimeStamp="2023-08-21T01:08:07.953Z">
            <columns/>
        </table>
        <table dataLocale="en_US" dataSources="ds1389" resourceIdentifier="'cas-shared-default','CASUSER','USA PLAYER STATS SUMMARY 2019 UPDATED','en_US'" tableModifiedTimeStamp="2023-08-21T01:20:40.306Z">
            <columns>
                <column dataType="string" label="Player" xref="Player"/>
                <column dataType="double" format="BEST12." label="#" xref="#"/>
                <column dataType="string" label="Pos" xref="Pos"/>
                <column dataType="string" label="Age" xref="Age"/>
                <column dataType="double" format="BEST12." label="Min" xref="Min"/>
                <column dataType="double" format="BEST12." label="Performance Gls" xref="Performance Gls"/>
                <column dataType="double" format="BEST12." label="Performance Ast" xref="Performance Ast"/>
                <column dataType="double" format="BEST12." label="Performance PK" xref="Performance PK"/>
                <column dataType="double" format="BEST12." label="Performance PKatt" xref="Performance PKatt"/>
                <column dataType="double" format="BEST12." label="Performance Sh" xref="Performance Sh"/>
                <column dataType="double" format="BEST12." label="Performance SoT" xref="Performance SoT"/>
                <column dataType="double" format="BEST12." label="Performance CrdY" xref="Performance CrdY"/>
                <column dataType="double" format="BEST12." label="Performance CrdR" xref="Performance CrdR"/>
                <column dataType="double" format="BEST12." label="Performance Touches" xref="Performance Touches"/>
                <column dataType="double" format="BEST12." label="Performance Tkl" xref="Performance Tkl"/>
                <column dataType="double" format="BEST12." label="Performance Int" xref="Performance Int"/>
                <column dataType="double" format="BEST12." label="Performance Blocks" xref="Performance Blocks"/>
                <column dataType="double" format="BEST12." label="Expected xG" xref="Expected xG"/>
                <column dataType="double" format="BEST12." label="Expected npxG" xref="Expected npxG"/>
                <column dataType="double" format="BEST12." label="Expected xAG" xref="Expected xAG"/>
                <column dataType="double" format="BEST12." label="SCA SCA" xref="SCA SCA"/>
                <column dataType="double" format="BEST12." label="SCA GCA" xref="SCA GCA"/>
                <column dataType="double" format="BEST12." label="Passes Cmp" xref="Passes Cmp"/>
                <column dataType="double" format="BEST12." label="Passes Att" xref="Passes Att"/>
                <column dataType="double" format="BEST12." label="Passes Cmp%" xref="Passes Cmp%"/>
                <column dataType="double" format="BEST12." label="Passes PrgP" xref="Passes PrgP"/>
                <column dataType="double" format="BEST12." label="Carries Carries" xref="Carries Carries"/>
                <column dataType="double" format="BEST12." label="Carries PrgC" xref="Carries PrgC"/>
                <column dataType="double" format="BEST12." label="Take-Ons Att" xref="Take-Ons Att"/>
                <column dataType="double" format="BEST12." label="Take-Ons Succ" xref="Take-Ons Succ"/>
                <column dataType="string" label="Opponent" xref="Opponent"/>
            </columns>
        </table>
        <table dataLocale="en_US" dataSources="ds8600" resourceIdentifier="GeneratedResource-ge8599" tableModifiedTimeStamp="2023-08-16T19:18:47.748Z">
            <columns/>
        </table>
        <table dataLocale="en_US" dataSources="ds9462" resourceIdentifier="'cas-shared-default','CASUSER','ALEX MORGAN GOALS STATS','en_US'" tableModifiedTimeStamp="2023-08-27T04:54:44.137Z">
            <columns>
                <column dataType="string" label="Competition" xref="Competition"/>
                <column dataType="double" format="BEST12." label="Goals Scored Per 90 Minutes" xref="Goals Scored Per 90 Minutes"/>
            </columns>
        </table>
        <table dataLocale="en_US" dataSources="ds9517" resourceIdentifier="'cas-shared-default','CASUSER','ALEX MORGAN GOALS STATS_1','en_US'" tableModifiedTimeStamp="2023-08-27T05:00:14.002Z">
            <columns>
                <column dataType="string" label="Competition" xref="Competition"/>
                <column dataType="double" format="BEST12." label="Goals Scored Per 90 Minutes" xref="Goals Scored Per 90 Minutes"/>
                <column dataType="double" format="BEST12." label="Year" xref="Year"/>
            </columns>
        </table>
        <table dataLocale="en_US" dataSources="ds10896" resourceIdentifier="'cas-shared-default','CASUSER','RAPINOE AND SMITH STATS','en_US'" tableModifiedTimeStamp="2023-08-28T04:26:11.173Z">
            <columns>
                <column dataType="string" label="Stat" xref="Stat"/>
                <column dataType="string" label="Number" xref="Number"/>
                <column dataType="string" label="Player" xref="Player"/>
            </columns>
        </table>
        <table dataLocale="en_US" dataSources="ds10939" resourceIdentifier="'cas-shared-default','CASUSER','RAPINOE AND SMITH STATS_1','en_US'" tableModifiedTimeStamp="2023-08-28T04:33:13.561Z">
            <columns>
                <column dataType="string" label="Stat" xref="Stat"/>
                <column dataType="string" label="Number" xref="Number"/>
                <column dataType="string" label="Player" xref="Player"/>
            </columns>
        </table>
        <table dataLocale="en_US" dataSources="ds10971" resourceIdentifier="'cas-shared-default','CASUSER','RAPINOE AND SMITH STATS_2','en_US'" tableModifiedTimeStamp="2023-08-28T04:39:47.612Z">
            <columns>
                <column dataType="string" label="Stat" xref="Stat"/>
                <column dataType="string" label="Megan Rapinoe (2019)" xref="Megan Rapinoe (2019)"/>
                <column dataType="string" label="Sophia Smith (2023)" xref="Sophia Smith (2023)"/>
                <column dataType="string" label="D" xref="D"/>
                <column dataType="string" label="E" xref="E"/>
                <column dataType="string" label="F" xref="F"/>
                <column dataType="string" label="G" xref="G"/>
                <column dataType="string" label="H" xref="H"/>
            </columns>
        </table>
    </tables>
    <version>2</version>
</metadataSupplement>
