<?xml version="1.0" encoding="UTF-8" standalone="yes"?>
<reportPackage>
    <dataLevel>offline</dataLevel>
    <files>
        <file contentKey="USCJZMBMXZC2XOXQZNZEBVADVDODJGHM" name="report" type="report">
            <links>
                <link href="/report.xml" method="GET" rel="content" type="application/vnd.sas.report.content" uri="/report.xml"/>
            </links>
        </file>
        <file contentKey="OWZFFYHNB7GKMFNMSTL6CVRUBUEIEWAM" name="basems1.css" type="css">
            <links>
                <link href="/css/basems1.css" method="GET" rel="content" type="text/css" uri="/css/basems1.css"/>
            </links>
        </file>
        <file contentKey="MBROBJYKUWOOC6HLCKWD7XPF62CW4LVK" name="highcontrast.css" type="css">
            <links>
                <link href="/css/highcontrast.css" method="GET" rel="content" type="text/css" uri="/css/highcontrast.css"/>
            </links>
        </file>
        <file contentKey="GJWA5IU4D24OYSLGLM2LG3ES7X6GY7GE" name="ms1.css" type="css">
            <links>
                <link href="/css/ms1.css" method="GET" rel="content" type="text/css" uri="/css/ms1.css"/>
            </links>
        </file>
        <file contentKey="TBYJK2PUXWY4YYLN6HH6JW2BHUCGESW7" name="dd7873.csv" type="data">
            <links>
                <link href="/data/dd7873.csv" method="GET" rel="content" type="text/csv" uri="/data/dd7873.csv"/>
            </links>
        </file>
        <file contentKey="5SWWCWQHVFYH6BE4YSXBGG6P4UH6YMEH" name="dd7873index.csv" type="data">
            <links>
                <link href="/data/dd7873index.csv" method="GET" rel="content" type="text/csv" uri="/data/dd7873index.csv"/>
            </links>
        </file>
        <file contentKey="X3TN3XSUD6JDT2MKACRDFRXP3Y4UCU3W" name="dd6741.csv" type="data">
            <links>
                <link href="/data/dd6741.csv" method="GET" rel="content" type="text/csv" uri="/data/dd6741.csv"/>
            </links>
        </file>
        <file contentKey="KBGTB2DC67263NYVTBT4IEFCL7BGGDCV" name="dd6741index.csv" type="data">
            <links>
                <link href="/data/dd6741index.csv" method="GET" rel="content" type="text/csv" uri="/data/dd6741index.csv"/>
            </links>
        </file>
        <file contentKey="KM44RSTHOWSBUR4XXLNX45NHZZWCALRC" name="dd6749.csv" type="data">
            <links>
                <link href="/data/dd6749.csv" method="GET" rel="content" type="text/csv" uri="/data/dd6749.csv"/>
            </links>
        </file>
        <file contentKey="YXNFBO5KLXSV3VFVBGBX2T5JENYCEOSH" name="dd6749index.csv" type="data">
            <links>
                <link href="/data/dd6749index.csv" method="GET" rel="content" type="text/csv" uri="/data/dd6749index.csv"/>
            </links>
        </file>
        <file contentKey="YFLXW2WQYRLXZURP532ZKY4VDX6OFVEI" name="dd6745.csv" type="data">
            <links>
                <link href="/data/dd6745.csv" method="GET" rel="content" type="text/csv" uri="/data/dd6745.csv"/>
            </links>
        </file>
        <file contentKey="DMM6VCR2Z2MBUXMLD536WJVCZK322WAC" name="dd5377.csv" type="data">
            <links>
                <link href="/data/dd5377.csv" method="GET" rel="content" type="text/csv" uri="/data/dd5377.csv"/>
            </links>
        </file>
        <file contentKey="B7LU7FW3OCQDSA4VYHKV67C6Q62KEJW5" name="dd5377index.csv" type="data">
            <links>
                <link href="/data/dd5377index.csv" method="GET" rel="content" type="text/csv" uri="/data/dd5377index.csv"/>
            </links>
        </file>
        <file contentKey="IV666XECYGB2FH4EZMV2STJLA25GXRKZ" name="dd5378.csv" type="data">
            <links>
                <link href="/data/dd5378.csv" method="GET" rel="content" type="text/csv" uri="/data/dd5378.csv"/>
            </links>
        </file>
        <file contentKey="ANRHA5A7UQLLMPIL6H5HNSEYVSIACPI7" name="dd5385.csv" type="data">
            <links>
                <link href="/data/dd5385.csv" method="GET" rel="content" type="text/csv" uri="/data/dd5385.csv"/>
            </links>
        </file>
        <file contentKey="RN2LS7MMAIOJ7IJ5CUSI2PTJ5R7MROG3" name="dd5385index.csv" type="data">
            <links>
                <link href="/data/dd5385index.csv" method="GET" rel="content" type="text/csv" uri="/data/dd5385index.csv"/>
            </links>
        </file>
        <file contentKey="3A2EVB7Q2CQRDSW5TQW477SRAGB22NIG" name="dd5381.csv" type="data">
            <links>
                <link href="/data/dd5381.csv" method="GET" rel="content" type="text/csv" uri="/data/dd5381.csv"/>
            </links>
        </file>
        <file contentKey="ZAM5EFTYJ3ASJ5NF2R2GBPGFKBBS5ZJN" name="dd1501.csv" type="data">
            <links>
                <link href="/data/dd1501.csv" method="GET" rel="content" type="text/csv" uri="/data/dd1501.csv"/>
            </links>
        </file>
        <file contentKey="KCDSWNU7SGB346DSJTTZ5IXJBSOXW5ON" name="dd1501index.csv" type="data">
            <links>
                <link href="/data/dd1501index.csv" method="GET" rel="content" type="text/csv" uri="/data/dd1501index.csv"/>
            </links>
        </file>
        <file contentKey="5CRPCZUHN362ZRDEQNFGHJUR4II42XLF" name="dd1435.csv" type="data">
            <links>
                <link href="/data/dd1435.csv" method="GET" rel="content" type="text/csv" uri="/data/dd1435.csv"/>
            </links>
        </file>
        <file contentKey="KCDSWNU7SGB346DSJTTZ5IXJBSOXW5ON" name="dd1435index.csv" type="data">
            <links>
                <link href="/data/dd1435index.csv" method="GET" rel="content" type="text/csv" uri="/data/dd1435index.csv"/>
            </links>
        </file>
        <file contentKey="UJGF5CSF5HCT7Y3QRSPJ2JYUD4W3PCSI" name="dd1020.csv" type="data">
            <links>
                <link href="/data/dd1020.csv" method="GET" rel="content" type="text/csv" uri="/data/dd1020.csv"/>
            </links>
        </file>
        <file contentKey="M6VS56DHRI3ZCNRCDI3O5HNVCMTMI6TK" name="dd1020index.csv" type="data">
            <links>
                <link href="/data/dd1020index.csv" method="GET" rel="content" type="text/csv" uri="/data/dd1020index.csv"/>
            </links>
        </file>
        <file contentKey="HWV73IXKV6I55DYJOJBXXRZAMRKTSZ76" name="dd1060.csv" type="data">
            <links>
                <link href="/data/dd1060.csv" method="GET" rel="content" type="text/csv" uri="/data/dd1060.csv"/>
            </links>
        </file>
        <file contentKey="TWZRGET2KZRDOIWFZGAB2GPURZVEIYXQ" name="dd1060index.csv" type="data">
            <links>
                <link href="/data/dd1060index.csv" method="GET" rel="content" type="text/csv" uri="/data/dd1060index.csv"/>
            </links>
        </file>
        <file contentKey="HUC4VDOWQYF65SMZMOHDPFKVH275R6B6" name="metadataSupplement" type="resource">
            <links>
                <link href="/metadataSupplement.xml" method="GET" rel="content" type="application/vnd.sas.report.metadata.supplement" uri="/metadataSupplement.xml"/>
            </links>
        </file>
        <file contentKey="OWDCZBZBCQX7D7VSF7V5GKY3CVM7OXV4" name="packageStatusReport.txt" type="status">
            <links>
                <link href="/packageStatusReport.txt" method="GET" rel="content" type="text/plain" uri="/packageStatusReport.txt"/>
            </links>
        </file>
        <file contentKey="3Z23HH34YHKPHXQKXCIIGF2YYN2IWFGP" name="index.html" type="html">
            <links>
                <link href="/index.html" method="GET" rel="content" type="text/html" uri="/index.html"/>
            </links>
        </file>
        <file contentKey="N3MB6HGWG5EQQQKSVTZE2PR6CQFN7G4H" name="packageIndex.html" type="html">
            <links>
                <link href="/packageIndex.html" method="GET" rel="content" type="text/html" uri="/packageIndex.html"/>
            </links>
        </file>
        <file contentKey="GCL3XENAC3IVDGV6IQRAZMDSG6CO6ILA" name="viyafonts.css" type="css">
            <links>
                <link href="/css/viyafonts.css" method="GET" rel="content" type="text/css" uri="/css/viyafonts.css"/>
            </links>
        </file>
        <file contentKey="Q4I6KQ5CXZYSWD2D6ZXUR6HSSNLBMMHQ" name="settings" type="resource">
            <links>
                <link href="/settings.json" method="GET" rel="content" type="application/vnd.sas.attributes" uri="/settings.json"/>
            </links>
        </file>
    </files>
    <formatLocale>en-US</formatLocale>
    <generatedTimeStamp>2023-08-28T21:29:04.086Z</generatedTimeStamp>
    <id>o_7670f167-ae74-4f67-892c-459c631e11df</id>
    <links>
        <link href="/reportPackages/packages/o_7670f167-ae74-4f67-892c-459c631e11df" method="GET" rel="self" type="application/vnd.sas.report.package" uri="/reportPackages/packages/o_7670f167-ae74-4f67-892c-459c631e11df"/>
        <link href="/reportData/results?reportContentKey=CVQ5E4QBAEWQRBAGK4QNCHK4QODQST2T&amp;reportUri=%2Freports%2Freports%2Fd4ea7f7f-0391-4371-9792-bad9eadd41ba&amp;reportDate=2023-08-28T21%3A29%3A04.086Z" method="POST" rel="requery" responseType="application/vnd.sas.report.results" type="application/vnd.sas.report.query.state" uri="/reportData/results?reportContentKey=CVQ5E4QBAEWQRBAGK4QNCHK4QODQST2T&amp;reportUri=%2Freports%2Freports%2Fd4ea7f7f-0391-4371-9792-bad9eadd41ba&amp;reportDate=2023-08-28T21%3A29%3A04.086Z"/>
        <link href="/reportData/jobs?reportContentKey=CVQ5E4QBAEWQRBAGK4QNCHK4QODQST2T&amp;reportUri=%2Freports%2Freports%2Fd4ea7f7f-0391-4371-9792-bad9eadd41ba&amp;reportDate=2023-08-28T21%3A29%3A04.086Z" method="POST" rel="requeryJob" responseType="application/vnd.sas.report.data.job" type="application/vnd.sas.report.query.state" uri="/reportData/jobs?reportContentKey=CVQ5E4QBAEWQRBAGK4QNCHK4QODQST2T&amp;reportUri=%2Freports%2Freports%2Fd4ea7f7f-0391-4371-9792-bad9eadd41ba&amp;reportDate=2023-08-28T21%3A29%3A04.086Z"/>
    </links>
    <locale>en-US</locale>
    <modifiedTimeStamp>2023-08-28T19:24:52.963Z</modifiedTimeStamp>
    <size>934805</size>
    <source>/reports/reports/d4ea7f7f-0391-4371-9792-bad9eadd41ba</source>
    <version>34</version>
    <warnings>result,limitedInteractivity</warnings>
</reportPackage>
