"."
"\"
"< 0.1 or Missing"
"< 0.24 or Missing"
"< 0.712 or Missing"
"≥ 0.1"
"≥ 0.24"
"≥ 0.712"
"0"
"0,0,"
"0.1 to 0.24"
"0.1923076923"
"0.2142857143"
"0.24 to 0.712"
"0.3586956522"
"0.375"
"0.4258"
"0.4575"
"0.4880"
"0.5172413793"
"0.5175"
"0.5477"
"0.5510204082"
"0.6"
"0.6009"
"0.6336"
"0.6761"
"0.7045"
"0.8"
"0.8888888889"
"1,2,"
"1.0690"
"1.0853"
"1.2857142857"
"1.4142"
"1.6432"
"11,12,"
"13,14,"
"2"
"3,4,"
"3.5"
"5,6,"
"7,8,"
"9,10,"
"Abby Dahlkemper, Ali Krieger, Allie Long, Alyssa Naeher, Becky Sauerbrunn, Carli Lloyd, Emily Sonnett, Jessica McDonald, Kelley O'Hara, Lindsey Horan, Mallory Swanson, Megan Rapinoe, Morgan Gautrat, Tierna Davidson, Tobin Heath, or Missing"
"Alex Morgan, Christen Press, Crystal Dunn, Julie Ertz, Rose Lavelle, or Sam Mewis"
"Alex Morgan, Christen Press, Crystal Dunn, Julie Ertz, Rose Lavelle, Sam Mewis"
"Alex Morgan, Lindsey Horan, or Rose Lavelle"
"Alex Morgan, Lindsey Horan, Rose Lavelle"
"Carli Lloyd, Crystal Dunn, Mallory Swanson, Megan Rapinoe, Sam Mewis, Tobin Heath, or Missing"
"Chile, England, France, Netherlands, or Missing"
"Class"
"Expected npxG"
"Expected xAG"
"false"
"in(${bi1394}, [0.0,0.1))\"
"in(${bi1394}, [0.0,0.24))\"
"in(${bi1394}, [0.0,0.712))\"
"in(${bi1394}, [0.1,2.4))\"
"in(${bi1394}, [0.24,2.4))\"
"in(${bi1394}, [0.712,2.4))\"
"in(${bi1395}, [0.0,0.1))\"
"in(${bi1395}, [0.1,1.6))\"
"in(${bi1398}, 'Chile','England','France','Netherlands')\"
"in(${bi1398}, 'Spain','Sweden','Thailand')\"
"in(${bi1415}, 'Abby Dahlkemper','Ali Krieger','Allie Long','Alyssa Naeher','Becky Sauerbrunn','Carli Lloyd','Emily Sonnett','Jessica McDonald','Kelley O''Hara','Lindsey Horan','Mallory Swanson','Megan Rapinoe','Morgan Gautrat','Tierna Davidson','Tobin Heath')\"
"in(${bi1415}, 'Alex Morgan','Christen Press','Crystal Dunn','Julie Ertz','Rose Lavelle','Sam Mewis')\"
"in(${bi1415}, 'Alex Morgan','Lindsey Horan','Rose Lavelle')\"
"in(${bi1415}, 'Carli Lloyd','Crystal Dunn','Mallory Swanson','Megan Rapinoe','Sam Mewis','Tobin Heath')\"
"Leaf"
"Opponent"
"Performance SoT"
"Player"
"Spain, Sweden, or Thailand"
"Spain, Sweden, Thailand"
