"."
"\"
"< 0.03"
"< 2.84 or Missing"
"≥ 0.03 or Missing"
"≥ 2.84"
"0"
"0,0,"
"0.0681818182"
"0.2550"
"0.375"
"0.4237288136"
"0.5175"
"0.7817"
"0.8551"
"0.8888888889"
"1,2,"
"1.0328"
"1.1255"
"1.4666666667"
"2.3333333333"
"3,4,"
"5,6,"
"Alex Morgan, Alyssa Naeher, Alyssa Thompson, Andi Sullivan, Crystal Dunn, Emily Fox, Emily Sonnett, Kelley O'Hara, Kristie Mewis, Lindsey Horan, Megan Rapinoe, Naomi Girma, Sofia Huerta, Sophia Smith, Trinity Rodman, or Missing"
"Class"
"false"
"in(${bi1226}, [0.0,2.84))\"
"in(${bi1226}, [2.84,7.0))\"
"in(${bi1230}, 'Alex Morgan','Alyssa Naeher','Alyssa Thompson','Andi Sullivan','Crystal Dunn','Emily Fox','Emily Sonnett','Kelley O''Hara','Kristie Mewis','Lindsey Horan','Megan Rapinoe','Naomi Girma','Sofia Huerta','Sophia Smith','Trinity Rodman')\"
"in(${bi1230}, 'Julie Ertz','Rose Lavelle','Savannah Demelo')\"
"in(${bi1260}, [0.0,0.03))\"
"in(${bi1260}, [0.03,0.13))\"
"Julie Ertz, Rose Lavelle, or Savannah Demelo"
"Julie Ertz, Rose Lavelle, Savannah Demelo"
"Leaf"
"Performance Sh"
"Performance SoT"
"Player"
"SCA/min"
